Approach,Accuracy,Precision,Recall,F1 Score
Prior (Idea Only),0.53125,0.6428571428571429,0.47368421052631576,0.5454545454545454
Posterior Zero-shot (Idea + Papers),0.71875,0.8125,0.6842105263157895,0.7428571428571429
Posterior Few-shot (Idea + Papers + Examples),0.625,1.0,0.3684210526315789,0.5384615384615384
